【意大利奥地利政府均确认该国公民未登机 护照均被偷】路透社北京时间23时03分消息，继意大利政府确认该国公民Luigi Maraldi未登机后，奥地利外交部也确认该国公民未登机，目前人在奥地利。两国外交部均表示，两人护照被偷。在马航公布的完整乘客名单中，这两人均在列。此前报道：http,回复@啊哈哈23333:愿望挺美好，可是北京机场那么多人接机呢。。。;回复@Free仪萱:现在什么结果都不能肯定，唯一可以肯定的是飞机没有在飞行，油肯定不够。;回复@蛋挞味儿的阿诗玛:过几年就会有电影了。。唉 完全不懂怎么回事;,2014-03-08 23:09,non-rumor
#马航飞机失联#祈祷平安归来 马航飞机失联  ,,2014-03-08 23:59,non-rumor
#祈福马航#中国的同胞们愿你们平安 祈福马航 我在,,2014-03-08 23:59,non-rumor
#马航飞机失联#揪心。。#祈福马航#🙏🙏🙏🙏🙏等待奇迹的发生。快飞回来吧。。 我在这里,,2014-03-08 23:59,non-rumor
"#马航飞机失联#【走了这么久，你们在哪里？】40个小时过去了，天又要黑了。失联，还是失联，多少人的心被撕裂！一次次徒劳拨打手机，一声声焦急呼唤，""平安""变得如此温暖和令人期盼！多希望收到你们的消息，多害怕爱沉入海底。坚持，努力，说好不放弃。转发祈祷，愿虔诚产生奇迹！  [组图共9张] 原图 ",央视，我是个纳税人，却养了一群废物!!!!!!包括你!!!!;我是个纳税人，却养了一群废物;快出现吧，希望你只是暂时迷路了……;,2014-03-09 17:26,non-rumor
马航进人一股小的时空扭曲隧道 现在停在塔希提岛。。。。  ,,2014-03-09 23:59,non-rumor
"夜晚到了,总带有一些凄凉和悲伤。我们都要坚强。为国人祈祷,为马航祈祷,为社会祈祷,为世界祈祷。我们都可以很好。*  我在",,2014-03-09 23:59,non-rumor
河南.长葛   为马航 MH370失联客机祈福 （分享自 @优酷） 河南.长葛   为马航 MH370失联客机祈福   原图 ,;,2014-03-09 23:59,non-rumor
20140309热门：441万#马航飞机失联# 203万#祈福马航# 30万#你的桌面是谁# 361万#别惹我# 39万#调整休假制度# 2万#短发女孩选美大赛# 1万#果冻双胞胎# 2万#邓紫棋要好好生活#  ,,2014-03-09 23:59,non-rumor
#祈福马航mh370 #失联客机mh370同样让马来西亚人民揪心：民众自发聚集跪在街边祈祷平安；机长的女儿写出让人流泪的留言：爸爸，你出现在所有新闻和报纸上。快回家吧来亲自看看吧！您不激动么？ 但愿明天起来，一切是虚惊一场。370快回家吧！（图：@ThatsexactlywhatIneed @王左中右）  [组图共6张] 原图 ,祈祷，期待。;共同祈祷，愿平安归来。//@邓康延: 永不落地的航班。;依然会泪流满面，皆因对人类苦难的怜悯，对这片土地深沉的爱。;,2014-03-09 23:59,non-rumor
【67小时最新消息汇总】①仍未发现失联飞机；②马来西亚油迹带的油是船油，非来自MH370；③国际刑警组织未再发现持被盗护照登机情况；④中国公共安全专家小组抵达马来；⑤马航第10份声明称，所有资料已交当局；⑥假护照持有者视频将公布；⑦154名中国乘客未发现可疑人员。时间一秒一秒过去……  [组图共9张] 原图 ,//@清风郑州: //@人民日报: 【明晚中国搜救力量将达6船3机】据新华社：交通运输部海上搜救中心总值班室副主任卓立表示，明晚10时搜救力量将达到6条舰船和3架直升机。理论上按照每条船一天搜寻面积约3000平方公里计算，在多国联合及飞机搜寻下预计将较快完成大致10万平方公里的疑似区域搜寻。;转发微博;飞机坠机我还能理解。但是飞机消失就不太明白了。难道真的有外太空生物。。。;,2014-03-10 20:22,non-rumor
也许失联马航说不定就跟那些个百慕大传说一样，十年后就安全回来了，还保持着消失时的模样！！虽然不知道会不会，还是希望还是有奇迹发生，快点找到快点找到    我在,,2014-03-10 23:59,non-rumor
马航事件有感,,2014-03-10 23:59,non-rumor
"我想要马航平安降落…祈福  
原始用户",,2014-03-10 23:59,non-rumor
【马航失联航班乘客QQ不止一次变亮】一位家属向记者反映，其老公就在失联航班上，奇怪的是，今天8点左右，老公一度呈灰色的QQ头像变亮，即老公的QQ上线了。这样的状况还出现在另一位家属身上。该家属哥哥的QQ不止一次上线下线......详情点击  http,,2014-03-10 23:59,non-rumor
眼观世界到处都在上演悲剧，深圳地铁猝死，贵阳公交燃烧，东莞餐厅爆炸，昆明恐怖袭击，马航客机失联。听到这些不幸消息，让我这颗从未有安全感的心再次不踏实，人生太短暂，我们不知道明天和意外哪个会先来，所以珍惜当下，以后的每一次分别都记得要道别，因为也许真的需要道别的时候，已经来不及了！  ,,2014-03-10 23:59,non-rumor
这个有点危险。//【中国通信IT界至少有29位人士，在马航失联飞机上】   http,,2014-03-10 23:59,non-rumor
#马航飞机失联#  最后时刻5个人没登机啊  然后飞机起飞后不久，因为小的零件故障导致空中解体，这不跟死神来了1一样的么？我很关心那5个人 马航飞机失联    ,,2014-03-10 23:59,non-rumor
马航事件告诉我们，意外和明天不知道哪个会先来。人活着是偶然，而死亡却是必然，我们永远都不知道，每一天会是不是自己的最后一天，所以问问自己每分每秒是活的释然？畅快？还是纠结？后悔？其实，对于生命而言，除了生死是大事，其余都是小事。  原图 ,,2014-03-10 23:59,non-rumor
【89小时最新消息】①仍未发现失联飞机；②两名持丢失护照登机者照片曝光，一名确认为伊朗人，另一人身份未定；③马警察总长称，五位旅客未登机不属实；④马航发布会称，无飞机下落，晚6时向家属发放特别慰问金；⑤绵阳舰发现可疑漂浮物；⑥马航表示，目前重点搜索区域在位于马来西亚西半岛。  [组图共9张] 原图 ,尽说些没用的;愿平安。;回复@苹果廊:马来死鸭;,2014-03-11 18:20,non-rumor
【马航股价跌10% 开盘一度跌16%】3月1日，搭载239名乘客于机组人员的马来西亚航空公司飞北京航班MH370失联进入第三日。马来西亚航空股价周一在马来西亚证交所开盘大跌，一度跌幅16%，创公司历史最低股价。北京时间上午10：00，马来西亚航空系统有限公司股价跌10.08%，报0.225林吉特。  原图 ,,2014-03-11 23:59,non-rumor
分享双语阅读文章：什么原因可能导致马航飞机坠毁？ http,,2014-03-11 23:59,non-rumor
#马航飞机失联#看了百慕大三角，马航消失也不是什么新鲜事了[擦汗]，时空隧道是存在的，有慢隧道也有快隧道，人类的能力还不能掌控罢了  ,,2014-03-11 23:59,non-rumor
"为马航祈福，把爱心传递！这么好的活动一定要来参加  
原始用户",,2014-03-11 23:59,non-rumor
马航客机失踪，牵动世人。飞机失事、为解谜团、佛教徒、东南亚，这些关键词，让我突然记起曾经看过一本书——＜隐僧＞  ,,2014-03-11 23:59,non-rumor
#马航飞机失联#一个人坐在电视前看了一晚东方卫视的直播，几个专家的种种分析和猜测，还没找到飞机前都不敢下任何结论！…//@杜娟,,2014-03-11 23:59,non-rumor
#马航飞机失联#【飞行员与地面最后通话内容曝光】凤凰消息，丽都的家属12日与马政府及马航谈判：①马航公布飞行员与地面最后一次通话——“已把你们（MH370）交接给胡志明市管辖区。”飞行员：“好的，收到。”②家属质疑军用雷达或测到飞机轨迹，马航表示在沟通，称军方资料公布还不是时候。实录↓↓  原图 ,现场打扫完了以后再公布吗？？？？？！！！！！;C!!阴谋;转发微博;,2014-03-12 12:36,non-rumor
希望找到的马航370时是这个样子！  原图 ,,2014-03-12 23:59,non-rumor
 //【我海军在马航飞机失联疑似海区打捞到救生衣和油桶】我海军在马航飞机失联疑似海区打捞到救生衣和油桶 (分享自 @今日头条)  原图 ,,2014-03-12 23:59,non-rumor
                                                                       上联：没钱的坐火车莫明其妙被砍了 下联：有钱的坐飞机莫明其妙消失了 横批：天地不容！ 本来马年应该是，马上有钱，马到成功， 可他妈来个马来西亚的马航搞了个马上消失！  ,,2014-03-12 23:59,non-rumor
总觉得马航客机是被外星人带走了。[挖鼻屎][挖鼻屎]   现在头好痛，睡觉啦！晚安！ 我在,回复@午饭悟饭:;终于又有人和我想的一样了;回复@HWAKONG:胆子没这么大吧！;,2014-03-12 23:59,non-rumor
"马航那样突然消失 愿也能这样突然出现  平安归来  
原始用户",,2014-03-12 23:59,non-rumor
#马航客机失联#【第六天！MH370搜救八大疑点】救援仍在继续，真相不会沉寂！戳图，了解8个最大疑点↓↓等待谜底揭开的那天！  [组图共9张] 原图 ,马航一直在隐瞒什么;灵魂不吃用物质；身体只需要少量，灵魂住身体之内，却不了解身体，时间是每个灵魂的考场，导致永恒审判；赏赐！灵魂需要上帝的话语；就是真理！灵魂需要圣洁，身体就平安！灵魂被圣灵充满，人就发光！无论身体做出什么，灵魂要承担一切；耶稣已经承担了罪债。信就永生！啊！无与伦比的一生；荣耀基督！;想要瘦身的美女帅哥或者有痘痘严重的亲，请加我威信ruiruigirl77！我曾经就是个140的胖女生，现在瘦了很多，为什么大家都开始议论拟容纳你接受你爱你羡慕嫉妒恨你，因为你瘦了、！。    。 为什么那个男生最后来追你你可以淡定地告诉他，我们不合适、因为你瘦了！加油！每个人瘦下来都会是逆袭的成长;,2014-03-13 16:30,non-rumor
越南一直在发现……马航一直在否认……中国救援队一直在路上……媒体一直在丽都……人民日报一直在煽情…...各国专家一直在分析......家属一直在等待......我们一直在刷屏……飞机一直没出现..... 急死人了  ,,2014-03-13 23:59,non-rumor
#马来个逼#你认为马航是否隐瞒了一些真相？ 种种迹象表明，马航一定隐瞒了什么，越方不断发现，马方不断否认，马来个逼！ 详情,,2014-03-13 23:59,non-rumor
马航肯定在隐瞒一些事情，寻找这么多天一点音讯都没有？难道真被外星人劫走了 我分享了马航否认航班失联后飞行4小时  ,,2014-03-13 23:59,non-rumor
"为马航祈福，把爱心传递！我要挑战，这个活动，活动就是好~!~!  
原始用户",,2014-03-13 23:59,non-rumor
【视频：马航称追踪到失联乘客手机信号在美国】 在今天的马航乘客家属通报会上，马航工作人员称：根据马通讯公司调查，追踪到失联乘客手机信号，位于美国堪萨斯城。马方追踪到一手机信号位于美国堪萨斯城  ,表示怀疑;表示怀疑;到美国了;,2014-03-13 23:59,non-rumor
马航我意别再搜了.结果都能猜.船多浪费钱我赞同越南.马不端正态度我们就应该对(它)做出必要的回应.别(隐瞒事实)让以后的航空事业引以为戎.别放同样的错误 马航飞机失联 我在,,2014-03-13 23:59,non-rumor
#武科大晚安#希望大家每天都开开心心，快快乐乐的，也祝愿马航失联一事早日解决。 我在,,2014-03-13 23:59,non-rumor
#马航飞机失联#【马航客机失联7天 最新消息汇总】①马航称，飞机上有救生艇和救援包，可用7天 ②印度派出搜救队伍 ③中方累计搜索面积已达51197平方公里 ④美国《华尔街日报》报道称，怀疑马航失联客机上可能有人关掉了应答器 ⑤路透社称，失联客机被人蓄意操控飞往安达曼群岛……扩散！关注！  [组图共9张] 原图 ,回复@苏小凉路过五月:什么阴谋？？什么没那么简单？;回复@苏小凉路过五月:什么阴谋？？;转发微博;,2014-03-14 17:30,non-rumor
想起来都睡不着了，你怎么没坐到马航那班飞机上，要是能投诉我他妈投诉死你，你个二货山炮倒霉玩意，我靠！  ,;,2014-03-14 23:59,non-rumor
#马航飞机失联# 转发微博 话题详情,,2014-03-14 23:59,non-rumor
昨天同事问我你在干嘛？我说我在找马航，她说是你男朋友吗？他叫马航啊。我瞬间无语了。。，  ,,2014-03-14 23:59,non-rumor
#马航飞机失联##祈福马航##马航飞机失联#。希望在真相前不要掉出热门。 是想等人们开始淡忘才公布？！。  ,回复@CC__DD__:清明节才有假回去。珺妹子下礼拜来南京玩呢。回头你有空也来玩呗大亲爱の。;什么时候回来[挖鼻屎];回复@Cookie小虎牙:我焦虑，我光荣;,2014-03-14 23:59,non-rumor
@新浪新闻 的文章 ：【马航一架载154名中国人客机失联】  我分享了马航一架载154名中国人客机失联  ,,2014-03-14 23:59,non-rumor
本来没想发关于马航的说说，但是最近看了一些报道，特别是看到那些亲属，还是很揪心啊，试想想如果换做自己，估计心情也肯定够呛！！祈祷，希望能尽快找到，最好不要是失事了，希望都能平安回家！！还有，那些从事搜救马航的工作人员，辛苦了！还有，谢谢~  ,一起祈祷，会回来的;宝贝儿。你这个深夜感叹时事的点，有点让人惊奇喔！;,2014-03-14 23:59,non-rumor
#马航飞机失联#【美联社：调查人员确定客机遭劫持】美联社报道，一位参与调查的马来西亚政府官员今天表示，调查人员已确认，有一位或以上拥有资深飞行经验的人员劫持了失联客机，关闭通讯系统，改变航线。劫机人员未说出动机，也未提出诉求，尚不清楚飞机被开往何处。但劫机一事“确凿无误”。  原图 ,回复@金娜娜Amanda:很久没玩微博了，今天偶尔上来，才看到你的评论。很高兴能认识你，没事多留留言，很想和你交朋友，嘻嘻！;愤怒;转发微博;,2014-03-15 12:37,non-rumor
马航客机最新失联位置示意图  （分享自 @新浪新闻） 你妹的到中国边境，我国还不知道，马来逼不要转移目标了。你个傻叉记着。 http,,2014-03-15 23:59,non-rumor
"马航失联飞机很可能是,国际反华势力配合维吾尔族分裂分子搞的一起阴谋.目的是给中国政府一个吓马威,迫使中国政府对少数民族异己分子继续推行绥靖讨好政策.  ",,2014-03-15 23:59,non-rumor
韩剧再好，美剧再火，也敌不过迷离、悬疑的联播大剧《马航》，全球同步，不定时更新！ 目前剧情是，80%的可能是200多人在印度洋荒岛上开始生活了。 我在这里,怎么一直没有人去采访迷失的编剧…;有道理！只要不遇难就行。;,2014-03-15 23:59,non-rumor
#祈福马航#当得知马航出事的那一天起，从不关注新闻的我不知不觉的在每个时间段都不停的在刷新新闻的最新消息，可是新闻中的“也许”“可能”“猜测”等词语让压在心里的大石头没有一点轻松，马航，快回来吧。。 祈福马航  ,,2014-03-15 23:59,non-rumor
#我爱美图##我爱摄影##分享美图##边走边拍# 看 灰机灰过去了 跟马航无关吧…… 我在这里,呵呵;,2014-03-15 23:59,non-rumor
"疑点：1，那么多天了，马来机组成员家属好像不着急，怎么新闻记者不去采写一下？如果他们家属一点不急，说明飞机还在，人还在，马航、马来政府反复说不能确认，肯定有内幕。2，国际反恐组织这几天不出声又为什么？排除了所有恐怖分子袭击的疑点了吗？3，疑似地区的雷达监控、卫星监控信息不充分。  
原始用户",//@昆明打折网屏: 疑点：1，那么多天了，马来机组成员家属好像不着急，怎么新闻记者不去采写一下？如果他们家属一点不急，说明飞机还在，人还在，马航、马来政府反复说不能确认，肯定有内幕。2，国际反恐组织这几天不出声又为什么？排除了所有恐怖分子袭击的疑点了吗？3，疑似地区的雷达监控、;,2014-03-15 23:59,non-rumor
马航否认之前否认交通部长否认过的由大马军方否认的否认消息。大家的语文老师教的怎样就看这句话了  ,,2014-03-15 23:59,non-rumor
www.kl188.cn   康乐商城 ！ 祈福马航！万众一心！众志成城！  ,,2014-03-15 23:59,non-rumor
#马航飞机失联#【客机失联9天 最新消息汇总！被劫持可能增大！】①中方敦促马方进一步扩大搜寻，加大搜寻力度 ②客机“折返”或是机上人员蓄意为之 ③不排除劫机的可能性 ④马航称事件已上升为刑事案件 ⑤客机与卫星最后一次联络是马来西亚时间8：11。扩散！关注！  [组图共9张] 原图 ,转发微博;转发微博;都是废话，美国，马来西亚肯定都知道是杂回事儿，不可能就那么简单，估计是不知道该杂说，玩全世界人民团团转，尤其是中国同胞，不仅要给家属一个交待，也得给关心的中国同胞们一个交待，看他们接下来怎么说！那是200多条生命啊！不会那么简单，我们活要见人，死要见尸！别想用什么需要蒙我们！;,2014-03-16 06:59,non-rumor
[蜡烛… #马航飞机失联#重大进展：确定飞机遭劫持！  ,转发微博;,2014-03-16 23:59,non-rumor
这段时间每天早上醒来如果没发现有关于马航的新闻顿时会觉得有点失落😔 我分享了客机失联10天 失联与人为因素有关！  ,回复@晴朗朗做梦都想腿细细:恶心..跌;回复@匆匆匆匆忙忙:宝贝，摸摸大;回复@晴朗朗做梦都想腿细细:宝贝，想你哦！;,2014-03-16 23:59,non-rumor
建议莫耶死去马航深造一下，车迷留。 我在这里,,2014-03-16 23:59,non-rumor
【视频：越南称一旦收到马官方请求愿加入搜寻】越南人民军副总参谋长周六（3月15日）表示，越南决定停止在越南海域在马航失联客机的搜索行动，但有需要可重启搜救。下一步搜救的重点将转到印度洋海域。一旦收到马来西亚官方请求，越南愿加入搜救行动。视频：越南称一旦收到马官方请求愿加入搜寻  ,,2014-03-16 23:59,non-rumor
马航客机最新失联位置CNN刚刚在直播中展示了一张地图，根据马航失联客机与卫星的最后一次联系的数据，飞机的最后失联位置可能是地图中两条红线上的任意一点。另据现在在马来西亚的BBC记者称，马来西亚官员相信飞机最有可能的位置是中国和吉尔吉斯斯坦边境。  ,,2014-03-16 23:59,non-rumor
"特尔博心系马航失联航班，祈福送礼集祝福好活动，拿来与大家分享   
原始用户",,2014-03-16 23:59,non-rumor
关于马航该说的我都说了，有良心的话赶紧公布，以大局的话，拖着越久越好，但要处理好细节。  ,,2014-03-16 23:59,non-rumor
#科普视频：马航失联航班如何被在定位两条弧线上#呵呵 我分享了视频：科普-失联客机如何被在定位在两条弧线上  ,,2014-03-16 23:59,non-rumor
#马航飞机失联# 你在哪里，你知道我在等你吗？不要让等待成为永恒！！！！你们要加油，我们一直在寻找你们，永不放弃  ,,2014-03-16 23:59,non-rumor
 马航mh370航班 起飞后两个小时左右，偏离航线向西南，失事，一定不会在海里  ,,2014-03-16 23:59,non-rumor
#马航客机失联#【第10天最新消息汇总：被劫持可能增大】①飞机与卫星联系时，可能已降落陆地；②本拉登女婿称“911”主谋与马极端分子曾策划劫机；③飞机高度超规或为“弄昏”机上人员；④新发现一乘客身份可疑；⑤参与搜寻国家增至25个，美“基德”号开赴印度洋……关注！  [组图共9张] 原图 ,转发微博;揪心的马航！;我天朝大国的AV也说了， 草民们你们洗洗睡吧，不要瞎猜瞎传了。。。。。;,2014-03-17 07:22,non-rumor
仔细围观了一下马航事件的各种分析，觉得目前情况也不是那么科幻，有希望也有担忧。但是实在是讨厌了心理鸡汤和无证据的猜测。需要的是真凭实据的推理和预测，需要的是全力的验证和探索。其实这种事情离我们很近，只不过我们还很幸运罢了。  ,,2014-03-17 23:59,non-rumor
发表了博文 《关于马航失联客机》 - 刚刚看到一段分析，看似天外飞仙般飘渺，细细读之，却又环环相扣，让人拍案叫绝！事情在不久的将来就会水落石出，可能此种分析仅供引人一笑尔，不过还是实在忍禁不住，转引至 关于马航失联客机  ,,2014-03-17 23:59,non-rumor
#马航去哪了#马来西亚航空公司现在是压力山大啊！具目前的报道，总感觉马航好像隐瞒了什么，不论是什么人找到是关键啊！@江财法学院分团委fxy @江财法学院学生会 我在,,2014-03-17 23:59,non-rumor
@央视新闻 的文章 ：【马航MH370失联最新消息汇总】  我分享了马航MH370失联最新消息汇总  ,,2014-03-17 23:59,non-rumor
机会，等待一个赚钱的机会，大家现在都在问#你的钱都去哪了#可是没有一个人能答的上来，机会是要自己找的，所以专业成就品质【专业喊单分析群176477604 验证金手指】【联系金手指即可获得港澳游的机会】我们#祈福马航# #马航飞机失联##现货宁贵银##现货黄金##现货白银#我们总在等待这样的一个  ,,2014-03-17 23:59,non-rumor
发表了博文 《马航官员说失联航班ACARS系统关闭时间尚难确定》 - 　　马来西亚航空公司首席执行官艾哈迈德·乔哈里·叶海亚17日在新闻发布会上说，马航MH370航班飞机寻址与报告系统（ACARS）被 马航官员说失联航班ACARS系统关闭时间尚难确定  ,,2014-03-17 23:59,non-rumor
马航失联mh370客机我个人的超强第六感，李毅吧已发_邳州吧_百度贴吧 http,,2014-03-17 23:59,non-rumor
马航MH370的失踪盖过了国人对昆明惨案的关注，但是我们却不能失去了对它的思考！ 南京死三十万不是鬼子太残暴，是国人太聪明。 要知道去杀三十万只猪或狗，一不小心还会弄个工伤事故、感染死亡什么的，难道三十万南京人真的是猪狗不如？  ,,2014-03-17 23:59,non-rumor
【斯里兰卡愿向中国开放领空领海搜寻马航失联客机】（分享自 @凤凰网） http,,2014-03-18 23:59,non-rumor
#现货宁贵银##现货白银##现货黄金##黄金白银##伦敦金##天通银##股票#你想出去玩么？边玩边赚钱，锦绣这边有专业的喊单，专业的团队，本月只要在锦绣这边开户激活的客户都有机会获得#港澳游#的机会【专业喊单：327510229验证：锦绣金银】#期货##黄金##现货黄金##马航飞机失联#  ,,2014-03-18 23:59,non-rumor
"#宁贵银#去年火了“爸爸去哪里”“时间去哪里”现在来了个#飞机去哪里#为马航失联飞机祈祷。此时此刻，我倒是想问问：“你的钱去了哪里""最专业的理财顾问，最具有实力的喊单群：176477604  验证：金手指  选择我们，就是选择财富之路，金凯团队等着你的到了。#现货黄金##宁贵银#  ",,2014-03-18 23:59,non-rumor
[国旗]马航为何失联世界[bm震惊] 举国各界关注 点亮 祈祷马航安全平安顺利[平安果][平安果][平安果]  ,,2014-03-18 23:59,non-rumor
#马航飞机失联# 这么多天过去了，时时刻刻关注着，还是没有找到，猜测的，怀疑的，谩骂的，否定的，起哄的，我个人看现实点吧，万分悲痛，他们落海了，别给家属们添新的烦恼了，赔偿后努力好好生活吧，司乘人员也祝你们安息。那些唯恐天下不乱以及制造恐怖事件着全家都该死。  ,,2014-03-18 23:59,non-rumor
越来越复杂了。只希望马航上的乘客安然无恙。 我分享了马航MH370客机失联11天 最新消息  ,,2014-03-18 23:59,non-rumor
【台湾大学生看卫星照 发现疑似失联机身(图)】台湾南开科大应用电子系学生谢孟修，在二百万张卫星图片中，找到疑似失踪的马航班机。自马航飞机失踪后，几家外国的资讯公司陆续传出卫星拍摄的照片供各界搜寻，几天来卫星照片已超过二百万张。 （分享自 @凤凰网） http,,2014-03-18 23:59,non-rumor
最好是370《台湾大学生看卫星照 发现疑似马航机身(图)》http,,2014-03-18 23:59,non-rumor
收藏了 //【台湾大学生看卫星照 发现疑似马航机身】台湾大学生看卫星照 发现疑似马航机身 (分享自 @今日头条)  原图 ,,2014-03-18 23:59,non-rumor
"真搞笑，po主故作高深的发个微博，下面评论里多数做我也知道就是不说状，什么干货都没有，我很坦诚的说一句：马航的事我还是不明白，也不知道飞机在哪儿。  
原始用户",,2014-03-18 23:59,non-rumor
有心去上搜狐上捧个长，可以我更新后还看到的主页竟然还是令人讨厌的一大堆没有任何价值的“马航”信息，难道搜狐都不知道今晚有亚冠吗，恒大出场都在搜狐上不了头条，难怪搜狐是正在变得平庸挣扎了？  ,,2014-03-18 23:59,non-rumor
马航飞机失踪后，各国都在积极寻找飞机的下落，可是有些人还在打牌，唱歌，聚会，聊天，都不知道献点爱心帮忙找找，真让人痛心，反正我在我们村大街上这一片都找过了，没有看见马航飞机，我尽力了！！！  ,,2014-03-18 23:58,non-rumor
"马航去年的广告： lose yourself on a journey of epic proportions, wherever you go,no one will ever know.  迷失在如诗般的旅途，你的终点，从未被人知晓！ 马航，你赢了，这广告果然是货真价实  原图 ",广告不幸成为预告。;,2014-03-19 23:59,non-rumor
马航失联12天了!造多久才找得到么，33天，我给你说！33天！造为啥么，因为失联33天……  ,,2014-03-19 23:59,non-rumor
马航✈️失联十多天了，十多个国家都在积极寻找，✈️上有我们100多位同胞，可是我们有些人还在打牌，唱歌，聚会，钓鱼，都不知道献点爱心帮忙找找，真让人痛心！反正我在杭州附近都找过了，没有看见马航的✈️，我尽力了，也算是对得起国家，对得起人民了！！！  原图 ,杭州同学求关注;呵呵，你还挺有心;,2014-03-19 23:59,non-rumor
开学第一周。。。。。东莞扫黄。。。。。第二周昆明砍人。。。。第三周马航失联。。。。我愿意放弃学业还这世界一份安宁。。。。  原图 ,回复@yff880813:....;好伟大啊;,2014-03-19 23:59,non-rumor
《马航空难后中国政府的惊人付出你又知道多少?...》波音空难背后中国政府的惊人付 出，你知道多少？ 2014-03-15 每日一囧马航MH370失踪到现在，已经过去100多 个小时了。不仅机上乘客的亲友，很多素 昧平生的人也在为机上154名中国公民的 命运担忧。因为那是...畅读版【http,,2014-03-19 23:59,non-rumor
马航失踪以后，还有好多人只知道吃喝玩乐，没有一点爱心。。。。。。 反正我家附近我给找了，没有！  ,,2014-03-19 23:59,non-rumor
马来西亚飞机失踪后，各国都在积极寻找飞机的下落，可有些人还在打牌，唱歌，聚会，聊天，打游戏。都不知道献点爱心帮忙找找，真让人痛心，反正我在北碚这片找过了，没有看见马航飞机，我尽力了，也算对的起国家了  ,魔教中人;逗比！;,2014-03-19 23:59,non-rumor
马航事件出来以后，小国航空公司的飞机谁还敢坐？大航空公司上座率立马已经飙升了，真搞不懂为什么【中国国航】还在跌，你们太没自信了吧，等个股期权一出来、中证100的小范围T+0一实施。。。还想买便宜货？  原图 ,我们坐的班机没人劫机: (;,2014-03-19 23:59,non-rumor
赵晓 ：马航搜救，点赞越南。有说这是因为越南旧恩今报，毕竟是曾经的兄弟； 有说这是因为我们强大了，手里有大棒胡萝卜； 有说这是因为美国衰弱了，小弟们识风转舵。 越南说：人的生命高于一切，不论投入多少，越南都有责任这么做。 越南改革不过十几年的事情，却已让人看到了灵魂深处价值观的变革  ,,2014-03-19 23:59,non-rumor
#马航飞机失联#【客机失联13天 澳大利亚：发现疑似失联客机残骸】①澳大利亚卫星发现疑似失联客机残骸 ②不在常规航道上，位置与南线搜索航道高度吻合 ③其中一件碎片长约24米 ④中国国家海洋预报台：该海域海流复杂，会增加搜寻工作难度，水温较低。正在搜寻！关注！  [组图共9张] 原图 ,,2014-03-20 16:03,non-rumor
"最近看这样的自省文章，总让我错觉马航飞机这么久没找到，是因为中国媒体的原因。你们再加加油再犀利点深刻点，督促督促马航先道个歉吧。  
原始用户",//@千年珊瑚万年礁:最近看这样的自省文章，总让我错觉马航飞机这么久没找到，是因为中国媒体的原因。你们再加加油再犀利点深刻点，督促督促马航先道个歉吧。;//@千年珊瑚万年礁:最近看这样的自省文章，总让我错觉马航飞机这么久没找到，是因为中国媒体的原因。你们再加加油再犀利点深刻点，督促督促马航先道个歉吧。;,2014-03-20 23:59,non-rumor
马航事件无论结果如何，将来一定会拍成一部悬念迭起的会创造票房纪录的大片！  ,是的。;这件事越来越离奇了，它已经创造了历史，希望这只是个闹剧骗局，机上的人能平安回家，毕竟和任何事比起来，生命最重要，无法重来;,2014-03-20 23:59,non-rumor
新浪专稿：中国媒体为何落败马航报道  （分享自 @新浪新闻） http,,2014-03-20 23:59,non-rumor
"评论 @舒影163 的博文 【【震惊】俄罗斯曝光马航事件真相！】： ""【震惊】俄罗斯曝光马航事件真相！"" 查看原文： 【震惊】俄罗斯曝光马航事件真相！  ",,2014-03-20 23:59,non-rumor
【马来官方承认客机或在马六甲失联】北京时间3月12日，美法两国媒体披露，马来民航部门和军方正式承认了之前的消息，即马航最终失联时间是在3月8日凌晨2时40分，失联地点为或为马六甲海峡，并表示不清楚当时飞机的航向。  原图 ,,2014-03-20 23:59,non-rumor
马航37O航班失联十多天，每天上午是造谣时间，下午是辟谣时间，晚上是竟猜时间。  ,,2014-03-20 23:59,non-rumor
【马航失联MH370】为什么要往澳洲方向飞呢？（晚上是竞猜时间）  原图 ,回复@踏浪心语:又出去旅游了？;晕啦;,2014-03-20 23:59,non-rumor
"[转]一哥们的情人来京玩几天。哥们决定陪几天，就对他老婆谎称去马来西亚开会，坐的3月8号的马航MH370回北京。现在他和情人在酒店里十多天了，回不了家，不知咋办, 要疯了.……  ",,2014-03-20 23:59,non-rumor
"有的人点点鼠标，码几个字就显得自己多爱国多爱家乡，这行为不也是搞分裂么？有本事他们动动鼠标也把马航飞机上的乘客找回来啊！！！  
原始用户",,2014-03-21 23:59,non-rumor
马航失联十四天，每天上午是造谣时间，下午是辟谣时间，晚上是竟猜时间!什么时候才能找着飞机?什么时候亲人能得到他们的消息?给点希望吧!  ,,2014-03-21 23:59,non-rumor
华盛顿邮报说马航没有买可以实时传输飞机状态的Swift系统，虽然这个系统的价格最低可以到$10一次飞行. http,,2014-03-21 23:59,non-rumor
＂马航＂飞机失踪，李白早有预言。请看他的藏头诗「腾云」一诗： 马腾驾祥云， 航行阔海郡。 失于蓬莱阁， 踪迹无处寻----马航失踪 。小日本和安倍也要完了，李白的另一首藏头藏尾诗说： 日暮苍山兰舟安， 本无落霞缀清倍。 去年叶落缘分定， 死水微漾人却亡---- 日 本 去 死 ；安倍定亡 。  ,;,2014-03-21 23:59,non-rumor
#马航飞机失联#我看没戏了，石沉大海，一切都最终化为乌有。上帝知道这一切的秘密， 马航飞机失联 我在,,2014-03-21 23:59,non-rumor
"不丢分。只是写错了一个字，引起误解，抱歉！问题应该是“气候变化经济学该如何定义？”，希望通过王教授解答，让大家了解，事件促进科普。这次马航失联，全面推进了航空科学知识的普及。  
原始用户",气候变化经济学研究气候变化引起的经济问题的基础问题，国际上的流行说法：气候变化经济学专注于研究气候变化的经济现象及其基础，并提供应对气候变化政策实证和规范分析。例如它研究气候变化引起的地理变化次生的经济问题，以及应对气候变化的经济伦理及控制气候变化的经济系统优化行为、经济地理变革;,2014-03-21 23:59,non-rumor
妈蛋，马航时间分析最好的还是来自1024！  ,,2014-03-21 23:59,non-rumor
何必总是为了一些身外之物而忽略了最主要的亲情和感情呢？就像马航失联航班一样，如果现在找到了，他们还会去计较那些琐事么？能与家人团聚已经是最大的幸福！ 我在,,2014-03-21 23:58,non-rumor
超震撼！视频：我国海上救助生死瞬间集锦马航飞机失联让很多人第一次了解海上搜救，但大海残酷无情的一面、人在大自然面前的渺小、海上救助的极端艰难危险……不少人并不了解。5分钟短片，震撼的一线生死瞬间，大家来感受一下。（一分钟后持续高能！！） （分享自 @56网） 超震撼！视频：我国海上救助生死瞬间集锦   原图 ,,2014-03-21 23:58,non-rumor
天天观注马航失联客机新闻，感到希望越来越渺茫。若是被劫持藏在某恐怖组织营地，倒还有希望找着；若真是独狼行动搞自杀，那沉在哪个海底恐怕要几年几十年几百年才会偶然发现。这是否太悲观了？  ,,2014-03-21 23:58,non-rumor
#马航飞机失联#【MH370客机失联14天！海上发现疑似残骸 正在确认！】①澳大利亚卫星发现疑似失联客机残骸 ②位置与失联客机南部搜寻航道高度吻合 ③受海况影响搜寻确认比较困难 ④疑似残骸辨别可能需“数日” ⑤外交部：中方确认失联客机未进入中国境内。⑥“雪龙号”接到命令投入搜寻。关注！  [组图共9张] 原图 ,反了，反了，茂名政府反了，要建立PX项目害市民，高速路口被封了，不让省、央新闻媒体进入采访，部分市民参与抗议游行活动被武警打伤打死，现在的茂名像抗日那么乱，为了人民的健康，坚决反对px建立茂名！期待专家的分析，给市民一个满意的答复，还市民一个清新的环境，我们要蓝天，求扩散！拯救茂名！;为遇难者家属深表同情，同时希望不要采取过激行为;希望是时间隧道，MH370，玩够了就会来啦，家人都等着你呢;,2014-03-21 06:29,non-rumor
我正在看#最娱乐# 群星献唱公益歌曲《你在哪里》为“马航”祈福 @腾讯视频 http,,2014-03-22 23:59,non-rumor
一老哥的情人来京玩儿，老哥决定陪几天，就对老婆说去马来西亚开会，坐3月8日的马航MH370回北京，现在他和情人在酒店里十多天了，不敢回家，要疯了，要疯了。。。😹 我在,,2014-03-22 23:59,non-rumor
#马航飞机失联#现在只关心飞机在哪里，现在马航还隐瞒了多少消息？？？ 马航飞机失联 我在,,2014-03-22 23:59,non-rumor
赶在马航失联十多天的节骨眼儿，上映<<绝命航班>>!  ,,2014-03-22 23:59,non-rumor
"March 21, 2014 - 印度洋南部海域，一名澳大利亚皇家空军驾驶员正在搜索马航 MH370 失联客机的踪迹，澳大利亚。在卫星图像探测到两件疑似飞机残骸的物体后，澳大利亚派出四架飞机展开搜寻行动，他们前往的海域被认为是世界 @iDaily每日视野 http",,2014-03-22 23:59,non-rumor
#马航客机失联#【中国卫星在南印度洋观测到长22米，宽13米可疑物】马航失联第16天。黑匣子电池只能维持30天脉冲信号，第16天，意味着黑匣子的电量只剩一半。搜救还在继续，最新情况↓↓  [组图共9张] 原图 ,祝福;北斗卫星为啥出动20;这意味着坠毁了麽？希望不是;,2014-03-23 07:30,non-rumor
马来西亚你们到底想闹哪样？我们一直在发现，而你们却一直在否认。。都20几个国家在找了，怎么可能一点线索都没有？#马航飞机失联# 我分享了失联机长起飞前曾与神秘女子通话2分钟 马来警方否认  ,,2014-03-23 23:59,non-rumor
#马航飞机失联# 我了个去，那么多天过去了，天天就是不确定，不确定的马来政府，存在都没有意义，真不知道是搞什么飞机！ 详情,看过了，祝福梦想都能如愿 注意保重身体。( ^_^ );,2014-03-23 23:59,non-rumor
哎！人都没啦 还开玩笑，想想他们的家人，这玩笑还是少开的号 来自话题#马航飞机失联# http,,2014-03-23 23:59,non-rumor
#马航飞机失联#希望快快找到飞机，真心祈祷它们早日回家。 马航飞机失联 我在,,2014-03-23 23:58,non-rumor
#马航飞机失联#估计再过几天马方就会宣布因为黑盒子已没有电，无法继续搜索，结案了事。 马航飞机失联  ,,2014-03-23 23:58,non-rumor
12)中国有钱可以打造人数最多的新闻航母，但是我们显然需要更多的，是软实力，并改变我们的一些制度框架。只有这样，在下一场的国际新闻战中，才会有中国媒体的一席之地。 祈愿马航客机能够找到，所有人都活着！  ,,2014-03-23 23:58,non-rumor
【马航事件   拯救生命  追索真相百万中国人大签名】 我们强烈要求马航必须给个交代，所有调查真相必须公之于众。更重要的是如何抚平失事亲人的伤痛！！@北大新媒体 @百度公益  @北京广播学院中国传媒大学  @传媒老王 @凤凰卫视 @巴曙松  @唐鸿雁   @延参法师 @杨智麟   ...  ,,2014-03-24 23:59,non-rumor
今天本来想跳楼的，不是老公不好，只觉得自己不适应这个社会。看到马航坠机的消息，希望大家珍惜生命，可自己却不明白活着有什么意义！  ,,2014-03-24 23:59,non-rumor
马航在南印度洋坠毁，机上无人幸存，逝者安息 我在这里,回复@by縌埘针:;回复@Fishball-wy:宇哥不好好上班刷微博→_→;回复@by縌埘针:我也这么觉得;,2014-03-24 23:59,non-rumor
#马航飞机失联#从搜救变成搜索，让人不敢相信，不忍相信，心痛不已。愿能尽快还原真相！如果不是马方打马敷衍，相信早日找到失联客机，也至少有部分人有生还的可能性啊～马方太可恶了… 我在,,2014-03-24 23:59,non-rumor
马航的事实和结局让我们感到无奈，不要让那些想要说却没说的话永远烂在心理，不要把那些想做却没做的事拖到明天后天，珍惜身边的人，珍惜你拥有的和正在路上可能即将到达的一切 我在,,2014-03-24 23:59,non-rumor
【十问#马航飞机失事#：真相不能缺席！】①坠毁结论能否仅靠数据分析得出？②坠海是否因燃油耗尽？③飞机上到底有几名机组人员？④机长是否劫机？⑤黑匣子何时找到？⑥如何确认飞机漂浮物？⑦航班为何折返向南？⑧为何任由各国在南海搜救一周？⑨机上人员是否曾提出诉求？⑩马航是否隐藏某些信息？  [组图共9张] 原图 ,回复@总想拼博壹身:怕真相暴露，所以就算前后矛盾，错误百出。也要拖住各国的搜救;真希望除了哀悼还能做点别的！;我们不需要祈祷，我们需要的是作为一个真正中国人该有的血性，血债血偿！我们不需要祝福，因为祝福只会让我们更显得自己的力量微不足道，只会显得我们越来越被动、受欺负！我们不在是清朝政府的百姓，我们是炎黄的子孙，是中华人民共和国的合法公民。给239个鲜活生命，154个同胞一个完整的真相和交待！;,2014-03-25 23:44,non-rumor
推荐看看《专家称马航坠毁不为最后结论 当务之急是找到飞机》这个视频。简介,,2014-03-25 23:59,non-rumor
#此生不去马来西亚旅游#马航MH370事件会否影响你去马来旅游？ 会，马来西亚政府的所作所为让人愤怒。 详情,哀伤骨肉两分离， 悼念无踪又无息。 马来西亚烂政府， 航班无影太离奇。 蒙混过关理何在， 难以启齿惹人疑。 国际和力搜寻久， 人神共愤世人急！;,2014-03-25 23:59,non-rumor
对马航这次不是普通意外事故默哀、我们更需要这后面的事实答案、会是谁能有谁在这里做文章、那些逝者不是用点慰问金就能回来得、  ,,2014-03-25 23:59,non-rumor
#晚安#即便确认飞机坠毁，仍然并不意味着马航事件的真相。整个事件究竟是谁策划实施的，背后动机是什么，当时飞机上究竟发生了什么，谁又该为此事件负责？终有一天，会知道在MH370航班最后的7个小时，天上和地上，到底发生了什么，会知道有些人为什么不愿意让我们知道。人在做，天在看。  原图 ,大家不要慌张，耐心等待政府的处理。;救援及时，各级领导高度重视;国家积极营救，支持;,2014-03-25 23:59,non-rumor
马航从头到尾都在扯淡！看了公告我更是气不打一处来！对于事件的结论我也持怀疑态度！  ,,2014-03-25 23:59,non-rumor
为什么今年会发生这么多不幸的事，每个生命的离开会撕裂多少人的心！马航离我遥远，我为他们感到难过，愤慨  当听到身边的人发生这种事，我真的感到了心痛，为什么老天要这么残忍！朝夕相处的人，就这样永远都看不到了 他该怎么撑下去？我永远都不要这种感受！ 我在,回复@张政Martin:我同学的爸爸出意外去世了;听大军军说了，怎么回事？可以说吗;怎么拉;,2014-03-25 23:59,non-rumor
看了十几天人民日报对于马航事件的微博刚开始觉得悲切到现在真是越来越憋屈。自怨自怜不如自强自立，人民即使被善意“隐瞒”，国家绝不能被玩弄欺骗。  ,,2014-03-25 23:59,non-rumor
马航事件本人认为马方负上主要责任之外，一个可以讲得上全球大国的中国出现甘重大人员伤亡下都不作为，连最起码施压都没有，让人觉得：人善被人欺。现在邻近甘多小国都不将你放在眼内，哪怕外交再友善，换来只会系更多国家的欺负。若果不站起来，估计清朝灭亡的历史又将会重现中华大地上。  原图 ,面对这些我们应该理性寻找真相，愿马航逝者安息。;转发微博;,2014-03-25 23:59,non-rumor
今早起来看微博，生气！一是马航，二是茶叶蛋。今生不坐马航，不吃茶叶蛋，只用它砸你个台湾无聊人  ,,2014-03-25 23:59,non-rumor
#马航飞机失事# 以生命的名义，我们需要真相，不管多久，我们只要真相！我仍旧相信，此事是某些阴谋的牺牲品，我仍旧相信，这些活生生的生命仍旧被控制在某处！我们不会轻易的放弃对生命的尊重！ 详情,,2014-03-25 23:59,non-rumor
#此生不去马来西亚旅游# 麻痹的拿钱 请劳资 劳资都不去 鸟国#马来西亚# 希望我国与SB国拒绝经济 交易一切来往 中国 请你们少打嘴巴了好嘛？#此生不去马来西亚旅游#马航MH370事件会否影响你去马来旅游？ 永远不会 详情,,2014-03-25 23:59,non-rumor
"真逗，主动让马航破产或许能让马政府捡起已经不值钱的面子  
原始用户",,2014-03-26 23:59,non-rumor
#马航飞机失事# 自个儿跟自个儿玩不下去了就编个早想好的结局来做Ending，真尼玛的牛逼！果然啊，有信仰真是好事，都他妈一个逼样睁着逼眼说着逼话[愤怒][愤怒][愤怒][愤怒][愤怒][愤怒][愤怒]先不要慌着下结论是失事，我倒想看看尼玛马来逼政府还能玩出什么花样？  ,,2014-03-26 23:59,non-rumor
【马航事件：谣言、阴谋论为何满天飞？】 (分享自 @今日头条 ) 马航事件：谣言、阴谋论为何满天飞？  原图 ,,2014-03-26 23:59,non-rumor
想看下有关乌克兰的新闻，而铺天盖地的都是马航的头条！这个世界怎么了！  ,,2014-03-26 23:59,non-rumor
分享自神秘下弦月  《马航MH370.你飞向时空的远方》 - 马航你截着亲人的期盼 起航飞向远方 飞落在你去的地方 马航你瞬间的无踪 牵动着世界人心 你来不及的别离 没留下诉说心泪...  (来自 @头条博客) - 马航MH370.你飞向时空的远方   ,,2014-03-26 23:59,non-rumor
面对马航各位同胞我们只能对你们说一句一路好走。对你们的亲人致以最真挚的安慰。社会人民不会忘记你们，你们永远活在我们心中。  ,,2014-03-26 23:59,non-rumor
【坠毁声明后：马航北京所有工作人员不见踪影】紧锁的指挥部，空荡的办公区，无助的乘客家属。自从3月24日晚发表完不负责任的坠毁声明后，马航的所有工作人员就神秘失踪了！每日班车不再安排，返京家属的住宿不再解决，24小时的紧急联系电话不再回应。马航，是不是你们也都失联了http,相信政府一定会尽快进行协调！;,2014-03-26 23:59,non-rumor
一条一条地看完了马航家属在留言板上写下的祈盼。马方一条短信，把这些祈盼击得粉碎......看到最后3个字 眼泪还是没忍住 我在,相信政府会给我们一个满意的答复;,2014-03-26 23:59,non-rumor
【转】我声明：此生永远不去马来西亚、当然更不坐马航！我建议亲朋好友在五年之内也不去马来西亚这个没有人道的国家！马来西亚主要的经济来源就是旅游业，而中国是他们最大的客户群！五年时间的经济制裁足以让一个杀人政府倒台了吧？别再做这种表情了，行动吧！！中国人！  ,转发微博;支持;,2014-03-26 23:59,non-rumor
#马航飞机失事#【第20天，搜寻仍是当务之急】①中国一架伊尔—76、雪龙号等飞机舰船到达疑似海域；②马方确认珀斯以西海域发现122块碎片；③澳海事局称搜索目击到3个物体；④一固定翼飞机反馈雪龙号发现可疑物体；⑤外交部：中方舰船将极大充实水面搜救力量，搜寻工作仍是当务之急。共同关注！  [组图共9张] 原图 ,//@金坛地税: //@人民日报:#马航飞机失事#【最新消息】①“雪龙号”与“中海韶华”轮在疑似海域东半部伴行搜寻。海面能见度不到1海里。②11架飞机和5艘舰船参与搜寻，今天将在约7.8万平方公里范围内搜寻。③中国空军再派一架伊尔-76飞机搜寻。④澳方对搜索不设最后期限，为了给家属一个交代。;转发微博;马航问题以经是国际问题，希望马方能用负责的态度对待此事。;,2014-03-27 07:20,non-rumor
【美航安专家称飘浮物或为马航行李舱残骸】3月27日讯，腾讯科技今日再度独家专访了美国航空专家大卫苏西 。他是美国航空管理局(FAA)前调查员，并曾任奥巴马政府航空安全管理系统顾问。他判断，澳洲卫星侦测到的橘色圆形物体和绿色物体应该是马航370航班的残骸。  原图 ,,2014-03-27 23:59,non-rumor
#马航飞机失事#其实我想在热门话题版找到的，结果没看见，现在是怎样了？飞机残骸都没找到，怎么说死了呢？？  ,,2014-03-27 23:59,non-rumor
#5sing#我喜欢【完美音乐】刘文的歌曲《马航归来-朱芮》http,,2014-03-27 23:59,non-rumor
机会，等待一个赚钱的机会，大家现在都在问#你的钱都去哪了#可是没有一个人能答的上来，机会是要自己找的，所以专业成就品质【专业喊单分析群176477604 验证金手指】【联系金手指即可获得港澳游的机会】我们#祈福马航# #马航  ,,2014-03-27 23:59,non-rumor
马航首次承认曾两次用卫星电话联络MH370  （分享自 @新浪新闻） http,,2014-03-27 23:59,non-rumor
"有奖转发！#一首歌：马航去的地方#价值120元的礼品免费得诱人的奖品，一定给力支持  
原始用户",,2014-03-28 23:59,non-rumor
天气越来越热，杯子快快卖起来。运动完了喝柠檬..，工作休息喝柠檬..，自从有了它[心碎]喝水变成了一种乐趣，一天补充八杯水不知不觉就做到了，喝柠檬可以美白肌肤，长期喝能减肥，健康的生活方式，人手一个【视频：网友改编《过火》向马航讨问真相】：http,,2014-03-28 23:59,non-rumor
#马航失联##宁贵银#没有华丽的语言，杜绝万恶的马后炮，先体验，后合作，正规平台，每天黄金白银实时喊单，24小时一对一在线解答，全天名师QT带盘，体验之后才知道#黄金##白银##投资#市场的阳光大道。#黄金##白银#投资交流群：176477604  进群验证：金手指。#非农##纸白银#  ,,2014-03-28 23:59,non-rumor
帮转：轉：麻烦大家帮忙转一下：  我人在珀斯，身边几十个当地华人朋友自发自愿，无偿为马航MH370遇难家属提供在珀斯的住所，车辆驾驶，翻译，签证办理，等等服务。联系齐洛 0416 685 788； 微信：luobb719 谢谢各位了啊！  ,,2014-03-28 23:59,non-rumor
【中科大检测到马航飞机失联海域一起海底事件】3月15日，事件发生于当地时间3月8日2点55分6秒，其中可能的两个地点之一位于北纬7度25分、东经104度30分，距最后失联时间(1点30分)后约一个半小时，最后失联地点东北方向约116公里。该海域是无地震区。事件有可能是飞机坠海所致。  ,,2014-03-28 23:59,non-rumor
感人祈福MV——《马航去的地方》 感人祈福MV——《马航去的地方》   原图 ,,2014-03-28 23:59,non-rumor
#马航飞机失事#【中国海军地毯式搜索疑似海域 启用黑匣子探测仪】由千岛湖舰、昆仑山舰和海口舰组成的中国海军马航失联客机搜救舰艇编队携带两架舰载直升机，经过连续5天多的高速航行，今天上午抵达南印度洋疑似马航失联飞机物体海域，开始执行搜救任 http,ˉ □ ˉ嗨喽，交个朋友呗*^_^*;,2014-03-28 23:58,non-rumor
#马航飞机失事#【第21天，不放弃】①马承诺与中国共享MH370全部信息；②日本、泰国宣布发现疑似残骸物体；③澳疑似海域恶劣天气将持续；④马方将安排特殊家属沟通会提供坠机依据；⑤美方称，机长飞行模拟器被删数据一两天后恢复；⑥中国政府特使表示，有一线希望就决不放弃。关注！  [组图共9张] 原图 ,不是一线希望，是毛线希望。现在是各国家作秀时间。围观的都散了不少;回复@開心楼主:是啊;回复@婧婧的茅被别人牵着走;,2014-03-28 07:40,non-rumor
@新浪新闻 的文章 ：【印尼乘客家属起诉马航和波音】  我分享了印尼乘客家属起诉马航和波音  ,,2014-03-29 23:59,non-rumor
分享歌曲， #马健南 - 马航去的地方#  真的很好听喔，介绍给你们！（来自 #酷狗音乐安卓版# ）http,,2014-03-29 23:59,non-rumor
此刻是感动的！ //我在听《马健南 - 马航去的地方》，你也来听听吧！ 试听点这里 >>> 马航去的地方 (分享自@天天动听，好音质 #天天动听#)  原图 ,,2014-03-29 23:59,non-rumor
我的天啊，这首马健南的《马航去的地方》实在是惊为天人！http,,2014-03-29 23:59,non-rumor
马航MH370，等你回家。告诉我们，发生了什么？MH370，为你祈福。 我在,,2014-03-29 23:59,non-rumor
深度：详解中国马航搜救为何堪比发动中等规模海战  （分享自 @新浪军事） http,马航这次的整个事件处理实在是槽点连连……说的功利一点儿，作为马方，如此难得的展现国家实力和态度的机会居然硬生生变成了口诛笔伐的公关危机……不论何时，人的生命都是无价的。恐怖袭击也好，内部斗争也罢，都不是马方支支吾吾有所隐瞒的理由。 [花心];,2014-03-29 23:59,non-rumor
经过这么多天来，朋友们基本上能够清晰地判断出马航事件就是一个从头到尾、彻头彻尾的大阴谋，而且还没有足够的证据来证实；因为，在这么多天来，整个事件过程中有人一直在……——博文片段来自神探007：【品味观天下时事解读】第二十一期：马航迷雾终极解读 【品味观天下时事解读】第二十一期：马航迷雾终极解读   ,马航这次的整个事件处理实在是槽点连连……说的功利一点儿，作为马方，如此难得的展现国家实力和态度的机会居然硬生生变成了口诛笔伐的公关危机……不论何时，人的生命都是无价的。恐怖袭击也好，内部斗争也罢，都不是马方支支吾吾有所隐瞒的理由。;,2014-03-29 23:59,non-rumor
娱乐圈的绯闻，彻底把马航件事盖住了。看来大多网友都有一颗八卦的心。  ,,2014-03-29 23:59,non-rumor
马航，你还好吗，我们一直在为你牵挂，请你赶快回来吧，为了你们的家人，为了爱你的老婆，赶快回来吧！  ,,2014-03-29 23:59,non-rumor
#马航飞机失事#【第22天，新搜索区发现多处漂浮物】①搜索区向东北移1100公里；②海巡01号、空军伊尔-76飞机已在新搜寻区搜寻，东海救101、南海救115、海军井冈山舰正前进；③5架飞机在新搜索区发现漂浮物；④失联飞机的飞行速度比原来认为的更快；⑤马方：30天后考虑深海搜寻。保持关注！  [组图共9张] 原图 ,愿逝者安息！为遇难者祈福！天堂里没有空难;为逝者祈福~~生命真是太脆弱了！ 珍惜身边的人，不要错过每一个每一天！;愿逝者安息，生者珍重，要更坚强;,2014-03-29 07:30,non-rumor
#马航飞机失事#【我“海巡01”轮担纲西澳搜寻区现场指挥船】中新社上海3月30日电(潘洁沣于俊)据上海海事局巡航救助一体船“海巡01”轮30日从西澳搜寻马航客机坠毁海域现场发回的消息，中澳已建立海空立体搜寻新模式，在疑似坠机海域每天划出 http,,2014-03-30 23:59,non-rumor
史上最感人公益MV《马航去的地方》：但愿马航你去的地方，鱼儿能飞上苍穹，云朵为你架起了彩虹；但愿马航你去的地方，星星化为了玉琼，希望生命穿越了时空     马航去的地方 - 史上最感人公益歌曲MV 高清(360P)  ,,2014-03-30 23:59,non-rumor
两个月前，大家都在忙活过年；两个月前，东莞还是个好去处； 两个月前，昆明还一片和谐；两个月前，微博还叫新浪微博 ；两个月前高考倒计时还是三位数；两个月前，马航还没有失联； 两个月前，克里米亚还属于乌克兰；两个月前，文章还是个好丈夫。。。 我在,,2014-03-30 23:59,non-rumor
马上周一了，貌似微博上马航那篇已经都给翻过，开始关注明星搞破鞋了[挖鼻屎]  ,,2014-03-30 23:59,non-rumor
一首把人听哭的歌!      马航去的地方 感人公益歌曲MV （分享自 @搜狐视频） http,,2014-03-30 23:59,non-rumor
三月，社会上到处都是负能量，昆明世界，马航等…希望四月的阳光能带来氧气，给充满爱的人爱的力量～ 我在这里,回复@Verworven:那么迟还不睡，其实我也困的要死，身心疲惫啊;[落叶];[带着微博去旅行];,2014-03-30 23:59,non-rumor
#揭秘史上的著名空难都是怎么发生的？只有亚航诡异莫名！# 马航飞机失联事件牵动着全世界的心。这么多天过去了，十个国家出动搜救，雷达、军舰、卫星，还是没有一条靠谱的消息。有网... http,,2014-03-30 23:58,non-rumor
有的人在地上乱扔垃圾，有的人随地吐痰，有的人刚打完架，还有的人背后乱说人是非，更有的人甚至刚刚赌博好，还有的人在工作上不择手段，还有的人刚刚搞完暧昧，最后在马航事件上留言周一见的人，之后这些人就坐在电脑前审视别人的道德了。文章姚笛挺住！！！  ,回复@ye许我bu懂:是的，错也不在她一个人。那些人在生活中不知道是什么垃圾的，却去评论别人的是非。;支持姚笛，真爱无敌;,2014-03-30 23:58,non-rumor
#马航飞机失事#【时间不多了！MH370黑匣子即将停止发出信号】澳海军海洋之盾号救援船今天装载黑匣子的定位装置，也就是美国的“拖曳声波定位仪”和“金枪鱼”自动水下航行器，并计划明天开始到搜索海域进行全力搜索。黑匣子的电力寿命大概30天，留给搜寻的时间非常非常紧迫了。 http,现在的科学技术怎么一点也没用呀！连架飞机都找不到！又说什么卫星定位，GPS导航！这么一架这样大型的客机在各国领空上乱飞，居然没有一个国家能发现！雷达不知道是否设计来监测蚊子的！难怪世贸被撞了！就像中国移动一样设计的系统来乱扣费的！不是用来让客户使用的;转发微博;加油\'致可爱的你们!;,2014-03-30 21:12,non-rumor
【马航MH370最后通话内容曝光：晚安，马来西亚370...】早前公布最后沟通内容为,;飞机不一定坠毁了，马来西亚什么都不说哎~;@北京厨子 有什么可分析的？;,2014-03-31 23:59,non-rumor
马云马航马伊利，失患失联失文章，横批：且行且珍惜  ,,2014-03-31 23:59,non-rumor
上联：马云马航马伊莉 下联：失意失联失文章 横批：本命年  ,,2014-03-31 23:59,non-rumor
"上联：马年马航马伊俐  下联：失望失联失珍惜  横批？  
原始用户",,2014-03-31 23:59,non-rumor
#三月拜拜#“ 多事之三月：昆明砍人暴力事件、马航飞机失联、文章出轨…各种突发事件是否让你措手不及？三月最后一天，你想对自己说点什么？你想对三月说点什么？希望三月过后，四月对每个人都好一点。三月拜拜，四月你好！”    還有兩會！！！！ 详情,,2014-03-31 23:59,non-rumor
#马航飞机失事#【第25天，不放弃】①马交通部31晚发公告证实MH370最后通话“晚安，马来西亚370”；②澳大利亚不会设定搜寻期限，澳舰将参与水下搜寻；③中国将继续大力投入资源搜寻，漂浮物与MH370无关；④马航称权威机构确认残骸实体为MH370，才会安排乘客家属前往澳珀斯。继续搜寻，保持关注！  [组图共9张] 原图 ,为什么马航总是出事;我不明白还搜啥啊？？;全文马方官网公布MH370失事声明全文：推定全员遇难 //@盛世小评: 央视在直播/@人民日报: #马航客机失事#【澳政府：家属可通过网站、热线了解进展】人民日报记者韩超消息，今天，澳政府表示，乘客家属可登陆澳联合协调中心网站了解搜索进展，也可拨打热线电话。澳境内拨打1800621372，境外拨打+61865525525;,2014-04-01 07:45,non-rumor
马方或起诉虚假报道　网友怒骂诉你妹  - 资料图：马来西亚国防部长兼代理交通部长希沙姆丁·侯赛因。中新社发 张浩 摄　　　4月1日电 据外电报道，马来西亚官员1日称，将收集整理有关马航失联客机MH370虚假报道，并考虑提出诉讼。　　马来西亚交通与       http,,2014-04-01 23:59,non-rumor
“在马航失联报道中一败涂地的中国媒体，终于在几名演员身上找回了无冕之王的荣耀。”真是说得太好了。  ,,2014-04-01 23:59,non-rumor
来自爱奇艺视频的超感人《马航去的地方》原创MV，小伙伴们不要错过！爱情公寓4全网独播，更有电视大奖等你拿！速速加入，下载客户端：http,,2014-04-01 23:59,non-rumor
#马航飞机失事#【“海巡01”轮率先抵达最新搜索区域】中新社上海3月28日电(于俊潘洁沣)据来自上海海事局的消息，隶属于该局的“海巡01”轮28日已率先抵达澳大利亚方面指定的马航客机疑似坠毁的新搜索区，展开海空立体搜寻。 http,,2014-04-01 23:59,non-rumor
马航坠机被文章出轨冲了个烟消云散。中国人没记性。微博没人再追问真相了。这阵风过去了。哎！  ,,2014-04-01 23:59,non-rumor
"马年马航马伊利,    失联失恋失珍惜。   横批",,2014-04-01 23:59,non-rumor
上联：马年马航马伊俐 下联：失望失联失珍惜！横批：好文章！@天空之隙 @阿vv_be_stonger  ,回复@不遠萬里從外星來的聰聰先森:希望如此 加油！;回复@天空之隙:;回复@不遠萬里從外星來的聰聰先森:算了吧 下午去姐姐那儿 我只看决赛的;,2014-04-01 23:59,non-rumor
#周一见#要不要这样？文章成功抢头条！什么马航完全不知道是什么了！  ,,2014-04-01 23:59,non-rumor
如果生命都像马航那样未知。那么就让我们做好随时离开的准备！  ,,2014-04-01 23:59,non-rumor
"携程目前还在机＋酒里面推荐马航呢  
原始用户",,2014-04-02 23:59,non-rumor
马航真相------震惊国人 机上乘客---竟然还活着?http,,2014-04-02 23:59,non-rumor
"宁贵银#去年火了“爸爸去哪里”“时间去哪里”现在来了个#飞机去哪里#为马航失联飞机祈祷。此时此刻，我倒是想问问：“你的钱去了哪里""最专业的理财顾问，最具有实力的喊单群：176477604 验证：金手指 选择我们，就  ",,2014-04-02 23:59,non-rumor
咱得用英语和马来语骂 //【马警方：已发现涉马航事件重要线索 暂不公开】马警方：已发现涉马航事件重要线索 暂不公开 (分享自 @今日头条)  ,,2014-04-02 23:59,non-rumor
通过法律手段，向马航提出索赔，是一项非常有效的方法。在国际事务中的任何纠纷可以通过法律解决。 我分享了中国就MH370启法律索赔准备  ,,2014-04-02 23:59,non-rumor
东莞拯救了春晚 昆明拯救了东莞 马航拯救了昆明 文章拯救了整个马来西亚 你给飞机的事都顶没了 。一睁眼全这破事，飞机也不找了！  有多少男人，骂着文章的人，干着文章的事儿。 又有多少女人，点着伊俐的赞，接着姚笛的班！！！ 何必以五十步笑百步……😒😒  ,,2014-04-02 23:59,non-rumor
"真他吗的，一个男人和一个女人搞了婚外恋，这不很正常吗。值得为这事费心吗，难道他们这些苟且之事比马航上154名国人的生命还重要吗？//@侯宁  
原始用户",,2014-04-02 23:59,non-rumor
#马航飞机失事# 几百个人就这样生不见人，死不见尸了，人们的焦点也成功的被文章出轨所转移！人咱不找了，赔多少钱你的给句话吧！ 我在,回复@wait520you:为什么红米手机看新浪微博的图片，要是有几张照片，为什么只显示一张照片啊;回复@汤巍up:别买小米了，这机子不行，这个品牌发展太快，很多问题都没有解决，机子发热，一段时间之后就开始卡机;红米手机多少钱啊，你的是1还是note啊，抢了多久啊，好用吗？;,2014-04-02 23:59,non-rumor
#马航飞机失事#迷雾重重 何时能柳暗花明[书呆子] 马航飞机失事    ,,2014-04-02 23:59,non-rumor
马年马航马伊丽，失望失联失感情。横批,要的亲们赶紧入手吧，活动就这么一次🔊🔊【RC芮娜森面膜】 啦啦啦啦～活动来啦～ 购买一盒赠送韩国holika猪鼻贴😍😍购两盒赠送睫毛增长液👏👏购3盒赠送Max睫毛膏💞💞购5盒以上赠送pobling洗脸刷🎉🎉购10盒以上赠送兰芝睡眠面膜或兰芝隔离霜🔥;,2014-04-02 23:58,non-rumor
#马航飞机失事#【第26天，决不放弃】①马方今天将为MH370家属举行闭门说明会；②马方公布MH370与空中交通管制完整通话记录：没有不正常；③澳联合协调中心：载有黑匣子定位装置的船只进发；④美军舰携水下无人潜航器出发搜寻黑匣子；⑤中国海军第十七批护航编队抵澳展开拉网式搜寻。保持关注！  [组图共9张] 原图 ,无语 马来西亚的一群猪 猪头猪脑 要是你马来西亚官员家属坐在飞机上 看你他妈的还能不能公布 一群没人性的狗屎 以后都别去马来旅游 去了就跟那个在马来西亚被绑架的女中国游客下场一样(;政府软弱无能;马航肯定想：还有6天了，坚持住。;,2014-04-02 07:25,non-rumor
新华社你别再发，也许人家已经开始过安生日子了。马航失联飞机找到了吗，反腐需要点狗仔精神吧？ //@老沉,,2014-04-03 23:59,non-rumor
#搜寻马航370#【马来西亚交通部：将关闭媒体中心】马来西亚交通部今天表示：技术工作小组决定在8号，即下周二关闭设立在吉隆坡世贸中心的媒体中心。马航MH370失联客机的相关通报将通过电子邮件方式发布给媒体。如果有必要举行新闻发布会，将另行邀请媒体。  ,老师，没人跟李大嘴做朋友，好伤心啊。我了解电商互联网是我的错吗？我充满商业智慧是我的错吗？我精通品牌营销是我的错吗？我擅长整合传播是我的错吗？我每天抛出重量级的牛B资讯是我的错吗？老师，您说说，真的是我的错吗？;,2014-04-03 23:59,non-rumor
边芹：马航失联事件也谈西媒与我们_观点_环球视野_四月网 http,,2014-04-03 23:59,non-rumor
《信息》：“飞机找到了吗？”街坊见面调侃着。马航飞机失联家喻户晓，没点儿新消息都不好意思和别人聊天，还好能轻易得到，全赖信息发达之功，难怪国家总要重视信息产业的发展。它不仅能传递消息，还能防腐败，掲出轨。4G网的使用速度更快，但要节制否则房没了。香港资费惠亷，大有大陆国民挨欺之感！  原图 ,,2014-04-03 23:59,non-rumor
马航事件都快一个月了，都还没发现飞机残骸，突然想，如果中国政府发起一个巨额奖金，任何机构或企业和个人只要发现飞机残骸，奖励5亿美金。你说会不会吸引更多团队加入，把搜索救援变成寻宝。  ,同意。;,2014-04-03 23:58,non-rumor
马航啊！马航。。。你说撒撒都有理。。。。。 我分享了马警方怀疑失联客机所载山竹果有植入炸弹可能  ,,2014-04-03 23:58,non-rumor
#马航飞机失事#【新西兰空军在南印度洋发现11个疑似物体】新华网惠灵顿3月29日电（记者刘洁秋）新西兰皇家空军少将凯文&middot;肖特29日说，在南印度洋执行搜寻马航失联客机任务的新西兰空军P3猎户座巡逻机28日目击到11个长方形疑 http,,2014-04-03 23:58,non-rumor
【《指环王》导演私人飞机出动协助搜索MH370】4月3日讯，马航MH370客机黑匣子电量将于5日后耗尽，现在的搜索可谓是争分夺秒。英国潜舰于2日加入马航MH370班机搜寻行列，新西兰籍导演彼得·杰克逊的私人飞机也被征用，为搜寻出一份力。有网友问：成龙赵本山的飞机呢？  原图 ,,2014-04-03 23:58,non-rumor
按这么多借口来说，马方应该知马航到底发生了什么回事的 我分享了马警方怀疑失联客机所载山竹果有植入炸弹可能  ,,2014-04-03 23:58,non-rumor
"对华人的极端不友好大马早就在干了，马航事件只是最大化展示出来的一次宣告  
原始用户",,2014-04-03 23:58,non-rumor
"评论  诃痴 的博文 【[转载]《宝岛行1》“马航失联”我们两度惊飞海峡（游记）】： ""  朋友，是一生修来的幸福；问候，是一种甜蜜的牵挂；    拜访，是一份真挚的友情；祝福，是我最诚心的支持。    [开心][开心][开心][开心][开心][开心][开心]"" 查看原文： [转载]《宝岛行1》“马航失联”我们两度惊飞海峡（游记）  ",,2014-04-03 23:58,non-rumor
"评论 @快乐谷爷 的博文 【“祈福马航370”】： ""问候朋友！欣赏精彩！转载微博！~"" 查看原文： “祈福马航370”  ",,2014-04-03 23:58,non-rumor
【马方：正调查MH370上4吨山竹果是否被安放炸弹】马警方2日证实，马航MH370的调查工作已经指向机上的一大批山竹果。警方问询了与这4吨山竹果有关的每个人，包括谁订了这些山竹果，谁付款以及何人将其打包运往吉隆坡。警方透露调查已经获得突破。（中国日报）http,w;0;转发微博;,2014-04-03 13:05,non-rumor
#马航飞机失事#【美媒：MH370搜寻显中国实力壮大 对美日构成挑战】外媒称，中国国家媒体公布了中国军舰和飞机在距离中国海岸数千英里的海域执行任务的图片，并将此次搜寻马航MH370航班的活动盛赞为该国有史以来最大力度的搜救工作。 http,,2014-04-04 23:58,non-rumor
每月一次的非农又要到来了，华中首席分析师，香港黄金分析师，东方证劵交易员：李老师晚间开课，期待您的参与与考察，实力需要你来验证，审核，如果行，大家一起驰骋金银市场！【超级非农喊单群202860049验证李老师】#白银##黄金##基金##外汇##股票##马航飞机失事##现货白银##贵金属##非农#  ,,2014-04-04 23:58,non-rumor
马航4吨山竹果 【 女性怎么越来越猴急？约会后几时上床才合适？】 男人是下半身动物，所以很多女性会不解：那个男人，怎么约会时就动手动脚的?轻点的甜言蜜语连哄带骗，重点的甚至就发展成了约会强奸。。。详细请看：http,,2014-04-04 23:58,non-rumor
马航4吨山竹果 【 性福宝典：3步骤 ，教你吻遍她的身体 】亲吻胸部，是性爱中必要的步骤。不管是“圆球体”还是“葡萄干”，都会让女人莫名的震颤。有人光亲胸部.，就能高潮了，方便省事。。。。 http,,2014-04-04 23:58,non-rumor
【快讯：海巡01轮通过黑匣子搜寻仪听到脉冲信号 正确认关联性】据解放日报，“海巡01”轮在南印度洋搜寻水域发现疑似马航失联航班黑匣子信号，艇上同时有三人证实搜听到，但由于信号搜听到时非常突然，当时来不及录制。目前中方两艘军舰也已赶到相关海域，信号与MH370的关联性正在确认。  原图 ,尊敬的好人冒昧打扰：优秀学子张娇就诊北京儿童医院血液科！几次与死神擦肩而过！家中债台高筑万般无奈只能恳求好心人伸出援助之手帮可怜的张娇度过难关，您的大恩我们全家终身铭记！您的爱心转发和捐助都会给孩子继续活下去的希望微公益[个人求助]14岁河北定州女孩张娇急性淋巴细胞白血病求助410;飞机失联眼看就要三个月了，微博上也看不到几条信息了，唉！//@Akira你不懂爱: 听到这个消息，我眼眶红红鼻子酸酸的;i无心小姐不看后悔;,2014-04-05 19:06,non-rumor
"#马航飞机失事#哀悼,真相是什么??? 马航飞机失事 我在",,2014-04-05 23:59,non-rumor
#马航飞机失联#cnn的报道充满酸葡萄的味道。美国自己退出联合搜救，又担心中国在行动中起的主导作用。在搜救的关键阶段，看看我们的大外交能否有所突破 马航飞机失联 我在,,2014-04-06 23:59,non-rumor
"这个就是马航噶不足了！【本可避免 旧定位技术成致命伤】下属分公司已采用了GPS,马航却还没有更新。本可避免 旧定位技术成致命伤 （分享自@搜狐新闻客户端）  原图 ",,2014-04-06 23:58,non-rumor
如果开飞机的是他俩，那么马航这辈子都不会在找到了@流星雨smile  [组图共2张] 原图 ,,2014-04-06 23:58,non-rumor
这山爬的真跌宕起伏！顺便还小小体会了下马航家属的心情，失联三小时，还好安全返航！ 我在这里,;,2014-04-06 23:58,non-rumor
再热的热点，也经不起时间的冷却。马航事件发生将近一月，整个屏幕已找不到一条关于它的消息，这和之前的满屏都是形成巨大反差。让人不由感慨时间的能力。明天清明节了，愿那些遇难者安息吧  ,,2014-04-06 23:58,non-rumor
#搜寻马航370# 希望得到真相还大众一个公道，。搜寻马航370  ,,2014-04-06 23:58,non-rumor
在澳大利亚参与多国行动搜索失联马航客机的中国空军  原图 ,,2014-04-06 23:58,non-rumor
【马航失联航班上没有上海的团队游客】3月9日，市旅游局应急值班室初步确定：原定由吉隆坡飞往北京的马来西亚航空公司MH370航班上，没有上海的团队游客。其中，通过携程网预定的乘客一共是19位，通过去哪儿网预定的乘客4位，目前均确定无上海籍。我们祈祷机上所有乘客平安归来！  原图 ,北京同学求关注;,2014-04-06 23:57,non-rumor
一哥们在实验室憋久了，想发泄一下就大喊了：“媳妇呀，你在哪里”。旁边有人就接了句“在马航”。  ,,2014-04-06 23:57,non-rumor
#马航飞机失事#【第30天，等待真相】①海巡01轮通过黑匣子搜寻仪听到脉冲信号，疑似水下信号每隔1秒“砰砰砰”；②澳联合协调中心：目前尚无法确定可疑频率信号是否为MH370客机黑匣子发出；③马方将成立三个委员会负责MH370调查工作；④5日，在印度洋搜寻中国舰船达11艘。保持关注！  [组图共9张] 原图 ,;[爱心传递];ual l;,2014-04-06 07:30,non-rumor
"#美国队长2#第七公社 2014新款春装怪物大学男学生潮外套#搜寻马航370#套头连帽加厚卫衣,售价",,2014-04-07 23:59,non-rumor
gc出品 原创sol sonofloong 马航事件MH370短袖TEET恤 SSUR hba  [组图共2张] 原图 ,,2014-04-07 23:59,non-rumor
来听听 保春- 唱的《马航去的地方【马航去的地方 伴奏】》，真是太棒了.试听地址 >> http,,2014-04-07 23:59,non-rumor
"“频梦春池添秀句,每闻夜雨忆联床。”季老回忆挚友俊之的诗时,无论如何也排除不掉的悲哀，在这个没有雨的清明更让死人活在活人的记忆里。海祭马航失联24位中国籍画家。  ",,2014-04-07 23:59,non-rumor
马航你去哪里了？你的下落至今还没人完全知晓，一点点不确定，你仍旧是个解不开的迷……  原图 ,哎呀呀，有个错别字，;,2014-04-07 23:58,non-rumor
#马航飞机失事#【第31天：继续搜寻，期待真相！】①中方又两次监听到疑似信号，澳方称有待证实；②澳海盾号也探测到脉冲信号；③疑似黑匣子海域水深4000至4500米；④中方5日发现的漂浮物，经核实与失联客机无关。31天过去，搜寻不会停止，真相不会沉寂！  [组图共9张] 原图 ,"怎么现在就剩下人民日报了。。。这个事件我们必须一直关注下去，亿万微薄之力，乃成大川！;回复@a婷__: ya, wish im still a kid ~ for u not to believe;回复@ivanaOSNIVLAC:不信 小孩子;",2014-04-07 07:30,non-rumor
#搜寻马航370# 第三十一天，近马航MH370航班失联一个月。昨日，澳大利亚“海盾”号也监测到了新的脉冲信号，但不能确认和失联客机有关。各方仍在做最后的努力，让有爱的人为真相祈祷吧！  ,,2014-04-08 23:59,non-rumor
"@RoJay11 /就我目力所及，此轮关于楼命的讨论，和马航的报道一样，有失水准。以前报道中，一个原因归咎于城市规划以及由此而来的拆迁改造，而此轮借专家之口着意强调80后、90后楼盘由于技术、监管等客观原因，但确无确凿统计数据予以支撑  
原始用户",,2014-04-08 23:59,non-rumor
清明回我老公马来西亚家乡扫墓，一路上处处可见各种中英文的哀悼马航370的文字。我想说，在这件事上，其实马来西亚人民和中国人民的心情是一样的  原图 ,@;,2014-04-08 23:59,non-rumor
阴谋论者认为：关于马航事件，甚至娱乐圈某章事件，都是阴谋！是在云南昆明暴力袭击案发生之后，转为了移公众注意力所采取的应对手段，毕竟昆明事件难处理，难应对，难交代，难保障！而马航事件和某章错不在政府，与政府毫无关系，可以每天新闻连续一个月无害滚动播报，还可显示政府对国民生命的关注。  ,,2014-04-08 23:57,non-rumor
#马航飞机失事#【一个月 ，不放弃！】今天，马航客机失踪整满一个月，客机黑匣子电池已接近失效期限。如果近日侦测到的脉冲信号真的来自MH370，真相就不会太远了。目前，搜寻仍在持续，我们决不放弃！  [组图共9张] 原图 ,现在呢 半年了 ？！！！;一个月不放弃，一个月过了，放弃了吗？;希望早日归来！;,2014-04-08 07:20,non-rumor
#纸黄金白银股票期货现货贵金属##祈福马航#金银突然下跌，是否是美联储利率决议预期影响？剧经验，数据公布前如果出现大的波动，那么数据出后会朝反方向波动！如果方向和数据方向一致则可大胆操作！晚间QT通宵陪伴，有套单锁单，操作疑问的可以加Q867186098，群16560037，备注炼金！  ,,2014-04-09 23:59,non-rumor
#马航飞机失事#【马方 找不到客机马来西亚观光年就不在华启动】马来西亚旅游部长纳兹里?阿卜杜勒?阿齐兹今天称，只要失联马航客机的搜寻工作没有结果，2014年马来西亚观光年活动就不会在中国启动。 http,,2014-04-09 23:56,non-rumor
"希望大家一定顶起这个帖子，唱了一首不太熟的网友为马航创作的歌曲，祝福马航出现奇迹能归来!但愿马航你去的地方 星星化为了玉琼,希望生命穿越了时空  来自@百思不得姐应用  http",,2014-04-09 23:55,non-rumor
【图解新闻：海底4500米是个什么概念？】马航MH370失联超过1个月，中国和澳大利亚所检测到信号的水域深度有4500米，若该信号真的由MH370黑匣子发出，搜寻工作面临了怎样的困境？4500米是个什么概念，小微将华盛顿邮报的一张图解进行汉化，让大家看个明白。详情戳大图：http,这…沉到底都要好多天吧;现在呢..;这…沉到底都要好多天吧;,2014-04-09 05:42,non-rumor
【马方将派高级别工作小组前往北京】3月19日，在马来西亚吉隆坡国际机场附近的酒店，马来西亚民航局总监爱资哈尔丁（左）和马来西亚代理交通部长希沙姆丁出席新闻发布会，马来西亚代理交通部长希沙姆丁在例行新闻发布会上表示，马方将派出一个高级别工作小组前往北京处理马航失联飞机事宜。  原图 ,,2014-04-10 23:59,non-rumor
经济报道，马航事件无果24天后，一家中国最大的东南亚旅游批发商透露，往年3月份的赴马旅行人数在6000-8000人之间，可今年3月仅1000人左右，马来西亚旅游受到重创。与此同时，马来西亚旅游还遭明星和部分旅行社抵制。PS,,2014-04-10 23:59,non-rumor
分享手机铃声   “马航去的地方 - 祈福”  来自  @铃声多多 ，快来听听吧！http,,2014-04-10 23:58,non-rumor
【厦大93周年校庆获赠3.2亿元捐款 马来西亚首富捐两亿元】4月7日，厦大93周年校庆获赠3.2亿元捐款，近九成被指定投向马来西亚分校建设。马航客机失联事件一度让外界担忧厦大马来西亚分校的建设，但厦大说，马来西亚分校正在“积极有序地向前推进”。如按原计划下月将开工。  原图 ,,2014-04-10 23:56,non-rumor
开心麻花：须摩题的世界，好奇这剧本是马航出事前写的嘛？至少新闻发言那段是后加的吧部分节奏安排的不是太合理，会让人跳出，怀疑捡肥皂那个桥段大爷大妈们能看懂嘛ps：旋转木马出来的时候 还真是感动到了另：布景服饰和野人的动作总让我想到疯狂原始人那家子呢[愉快][愉快]  原图 ,,2014-04-10 23:55,non-rumor
